{
  "id": "GM-leviathan",
  "title": "DnD Foundry tools",
  "description": "Some scripts I use in my campaigns",
  "url": "https://github.com/Famalis/GM-leviathan",
  "manifest": "https://github.com/Famalis/GM-leviathan/releases/download/v0.0.3/module.json",
  "download": "https://github.com/Famalis/GM-leviathan/releases/download/v0.0.3/module.zip",
  "authors": [
    {
      "name": "Famalis"
    }
  ],
  "version": "1.0.0",
  "compatibility": {
    "minimum": "9",
    "verified": "10"
  },
  "scripts": ["scripts/main.js"],
  "minimumCoreVersion": "10",
  "compatibleCoreVersion": "10"
}

