{
  "id": "GM-leviathan",
  "name": "gm-leviathan",
  "title": "Leviathan DnD Foundry tools",
  "description": "Some scripts I use in my campaigns",
  "url": "https://github.com/Famalis/GM-leviathan",
  "manifest": "https://github.com/Famalis/GM-leviathan/releases/latest/download/module.json",
  "download": "https://github.com/Famalis/GM-leviathan/releases/latest/download/module.zip",
  "authors": [
    {
      "name": "Famalis",
      "email": "s.cosentino@gmx.com"
    }
  ],
  "version": "0.0.6",
  "compatibility": {
    "minimum": "9",
    "verified": "10"
  },
  "scripts": ["scripts/main.js"],
  "minimumCoreVersion": "10",
  "compatibleCoreVersion": "10"
}

