{
    "name": "pf2_cn",
    "title": "Translation: 中文 [PF2e]",
    "description": "本模组为 FVTT 的 PF2e 系统提供了中文翻译。",
    "authors": [
        {
            "name": "FVTT-CN",
            "email": "fvtt-cn@dickytwister.org"
        }
    ],
    "compatibility": {
        "minimum": "10",
        "verified": "10"
    },
    "systems": [
        "pf2e"
    ],
    "languages": [
        {
            "lang": "cn",
            "name": "系统主体（中文）",
            "path": "cn.json"
        },
        {
            "lang": "cn",
            "name": "规则元素（中文）",
            "path": "re-cn.json"
        }
    ],
    "dependencies": [
        {
            "name": "pf2e",
            "type": "system",
            "manifest": "https://github.com/foundryvtt/pf2e/releases/latest/download/system.json"
        }
    ],
    "changelog": "https://github.com/fvtt-cn/pf2_cn/releases/tag/1.5.5",
    "version": "1.5.5",
    "url": "https://github.com/fvtt-cn/pf2_cn",
    "manifest": "https://github.com/fvtt-cn/pf2_cn/releases/latest/download/module.json",
    "download": "https://github.com/fvtt-cn/pf2_cn/releases/download/1.5.5/pf2_cn.zip"
}
